project;0;1;2;3;4;5;6;7;8;9;10;11
11ty/eleventy;44;68;80;72;106;84;65;62;35;55;83;60
47ng/nuqs;90;174;152;174;260;255;134;198;183;167;121;158
AUTOMATIC1111/stable-diffusion-webui;197;164;103;44;42;127;45;69;30;26;17;17
All-Hands-AI/OpenHands;0;0;0;0;0;353;4607;5677;3918;4178;6196;6685
AntiMicroX/antimicrox;43;33;52;10;13;82;57;0;25;6;0;7
Anuken/Mindustry;123;156;139;207;193;107;93;50;295;168;141;385
App-vNext/Polly;107;117;162;45;171;152;127;88;208;300;133;181
AssetRipper/AssetRipper;64;28;53;51;30;9;45;58;56;68;69;38
AstrBotDevs/AstrBot;0;0;0;36;46;2;26;57;102;12;0;0
Automattic/jetpack;8239;8191;9249;9120;5880;5760;7599;5850;13151;15091;15207;9644
Avaiga/taipy;516;563;505;483;895;951;430;222;274;227;183;227
AxonFramework/AxonFramework;17;25;81;29;55;81;97;191;146;284;251;194
BOINC/boinc;703;461;1074;924;594;658;780;924;987;1498;1473;1030
Belphemur/SoundSwitch;98;36;20;44;38;26;33;34;55;92;85;59
BerriAI/litellm;61;61;62;69;78;55;43;40;38;52;2021;3318
BetterDiscord/BetterDiscord;0;1;0;8;0;4;8;32;70;77;13;44
BeyondDimension/SteamTools;8;35;25;63;38;1;52;5;11;12;12;1
BookStackApp/BookStack;486;90;146;186;711;261;966;491;219;1153;371;156
BrighterCommand/Brighter;127;145;102;130;101;79;75;125;74;152;83;37
Budibase/budibase;763;593;646;644;741;757;633;578;640;665;711;512
BuilderIO/mitosis;190;63;155;151;142;256;52;23;177;145;192;119
CGAL/cgal;226;115;73;209;255;179;170;162;232;225;284;184
Canner/WrenAI;366;445;714;472;412;778;778;877;543;261;668;463
Chia-Network/chia-blockchain;2907;2577;2458;2663;1928;3523;3823;1669;2269;2052;2941;1773
Chocobozzz/PeerTube;96;102;75;52;77;59;62;62;116;85;93;73
Cinnamon/kotaemon;41;2;1;104;90;74;41;38;29;11;9;14
CleverRaven/Cataclysm-DDA;5164;4036;4432;6096;4736;5799;5783;5205;4483;4771;4654;3995
Col-E/Recaf;30;31;18;11;7;29;18;22;35;13;10;13
CopilotKit/CopilotKit;98;175;151;57;132;256;910;545;579;425;346;302
DataLinkDC/dinky;158;109;96;181;107;115;312;130;112;104;76;5
Delgan/loguru;101;34;53;73;94;119;366;84;128;221;32;20
DenverCoder1/github-readme-streak-stats;9;11;8;8;7;4;31;9;11;8;7;7
DevToys-app/DevToys;34;66;92;29;8;29;9;6;5;7;3;2
Dokploy/dokploy;114;118;278;109;69;120;166;269;243;153;132;102
FastEndpoints/FastEndpoints;20;29;10;4;18;23;18;18;8;24;14;13
FlaxEngine/FlaxEngine;148;71;92;79;106;133;58;54;87;68;106;106
Flow-Launcher/Flow.Launcher;6;8;0;0;10;0;2;0;0;11;15;216
FuelLabs/fuels-ts;977;1630;1098;1008;934;380;677;696;523;467;387;256
Genivia/ugrep;15;3;16;7;0;4;14;5;12;4;1;11
GoogleChrome/lighthouse;739;101;172;203;81;90;258;132;304;488;482;420
GothenburgBitFactory/taskwarrior;59;298;148;40;52;116;129;88;78;112;106;98
HDInnovations/UNIT3D;253;159;177;283;239;225;80;184;186;241;251;206
Haivision/srt;75;270;400;495;170;89;80;226;80;418;806;45
HypothesisWorks/hypothesis;81;200;118;88;105;118;95;146;126;128;235;121
Jigsaw-Code/outline-apps;239;117;1528;1186;516;343;575;333;1342;1106;342;511
JustArchiNET/ArchiSteamFarm;174;172;158;136;246;151;156;130;154;163;171;149
Kareadita/Kavita;24;30;41;80;60;44;36;12;15;39;43;26
Koenkk/zigbee2mqtt;378;281;218;270;280;384;374;465;232;354;441;315
Kong/insomnia;924;1042;1272;1131;1097;846;708;531;580;1253;1288;1272
LWJGL/lwjgl3;6;2;2;0;4;0;5;6;8;1;0;3
Lightning-AI/pytorch-lightning;617;1065;501;114;246;272;654;353;141;227;365;575
LykosAI/StabilityMatrix;4;13;8;9;6;17;17;27;17;7;12;5
Lymphatus/caesium-image-compressor;9;4;4;5;4;18;3;4;1;5;27;3
MISP/MISP;47;67;38;124;174;102;180;193;47;117;166;59
MaaAssistantArknights/MaaAssistantArknights;572;573;2429;1635;702;1476;731;458;1150;1329;465;1120
MetaMask/metamask-extension;0;0;0;16;1605;60;0;0;0;0;0;9
Milkdown/milkdown;39;42;35;35;8;2;41;56;123;92;148;172
MuntashirAkon/AppManager;7;33;7;5;3;8;37;15;60;47;19;13
NVIDIA/TensorRT-LLM;0;0;0;0;0;0;0;0;0;45;646;1079
NativePHP/laravel;2;1;14;21;6;27;49;49;27;39;55;25
NatronGitHub/Natron;6;18;37;2;17;0;7;37;3;6;6;28
NodeBB/NodeBB;368;386;180;247;292;325;417;400;573;727;406;371
OctoPrint/OctoPrint;120;72;66;99;99;98;99;77;106;85;104;90
OneUptime/oneuptime;1465;1262;754;484;539;301;1001;657;1688;1805;2255;1441
OpenAPITools/openapi-generator;2510;1841;1479;1543;2526;1846;1709;1099;1070;1740;1786;2021
OpenMined/PySyft;4707;4989;3408;3589;2055;409;372;272;256;331;251;253
OpenRA/OpenRA;53;92;191;216;223;224;69;183;123;253;192;164
OpenRCT2/OpenRCT2;369;269;573;398;426;261;368;332;374;442;489;429
OpenRefine/OpenRefine;177;112;223;279;157;288;173;176;161;204;140;85
OpenTTD/OpenTTD;241;232;108;83;143;239;270;368;583;823;489;757
OpenTabletDriver/OpenTabletDriver;26;26;94;18;25;20;97;84;269;15;22;18
PHPCompatibility/PHPCompatibility;40;8;54;221;162;16;23;0;3;8;0;0
PSAppDeployToolkit/PSAppDeployToolkit;0;0;0;0;0;0;204;167;111;89;59;118
PaddlePaddle/PaddleNLP;481;487;490;757;403;621;786;716;292;1099;1070;690
PlasmoHQ/plasmo;15;6;0;14;13;6;2;0;0;204;105;54
Portkey-AI/gateway;0;0;0;0;0;39;67;63;33;29;55;86
PowerShell/PowerShell;0;0;0;0;0;0;0;0;327;919;834;974
PrestaShop/PrestaShop;2752;2568;2131;2091;3087;3023;4179;1930;2037;2430;2506;2129
PrismLauncher/PrismLauncher;205;230;62;107;242;274;144;70;176;103;268;310
PrivateBin/PrivateBin;59;52;25;33;43;110;52;202;55;59;33;34
QuivrHQ/quivr;0;111;353;330;260;148;76;75;67;39;45;59
QwikDev/qwik;594;442;389;318;294;302;243;250;379;187;385;191
RedisInsight/RedisInsight;0;0;0;0;0;17;0;0;0;0;0;0
Serial-Studio/Serial-Studio;1;0;12;0;75;100;224;15;4;1;0;67
Shopify/react-native-skia;0;0;0;56;101;66;182;195;131;82;157;70
Slackadays/Clipboard;0;2;8;0;56;50;8;2;92;20;4;2
StarRocks/starrocks;2995;3186;3179;2849;1843;2172;2047;2296;1720;2560;2202;2243
Stellarium/stellarium;163;489;79;652;406;148;685;539;533;709;1350;231
TeamNewPipe/NewPipe;6;34;78;44;18;45;89;23;65;36;41;52
Textualize/rich;0;32;5;44;36;14;4;1;2;2;29;6
TheAssassin/AppImageLauncher;4;4;5;4;4;5;4;4;4;5;4;4
TheJoeFin/Text-Grab;5;2;3;5;2;4;5;5;2;8;2;0
ToolJet/ToolJet;1584;1120;840;576;702;760;1056;1123;1482;1220;1286;2239
TypeCellOS/BlockNote;210;145;126;71;146;276;195;85;135;439;289;192
Tyrrrz/DiscordChatExporter;46;9;8;11;6;22;6;8;8;6;21;45
Tyrrrz/LightBulb;37;4;13;7;4;7;5;7;28;2;14;5
UnblockNeteaseMusic/server;9;10;24;22;6;21;9;6;8;11;14;11
ValveResourceFormat/ValveResourceFormat;137;75;60;65;36;42;65;64;49;24;117;121
Warzone2100/warzone2100;1224;1446;384;321;279;603;225;174;306;456;432;288
WordPress/gutenberg;10014;10546;10175;9300;9041;9061;10442;7802;4448;1990;1662;978
ZDoom/gzdoom;28;39;44;58;117;123;77;48;101;98;84;89
Zettlr/Zettlr;82;70;68;58;150;90;130;70;112;120;57;112
activeloopai/deeplake;122;138;117;118;81;38;80;44;53;47;10;6
actor-framework/actor-framework;134;150;88;20;20;84;30;12;142;112;70;146
actualbudget/actual;1033;1379;1767;1315;1707;1876;1579;1483;2471;3139;2206;1818
advplyr/audiobookshelf;174;224;346;529;475;397;352;627;484;461;410;308
aio-libs/aiohttp;81;107;770;1199;1146;1140;1131;346;315;260;457;426
airbytehq/airbyte;185;151;266;276;151;206;115;87;306;182;198;256
ajnart/homarr;40;25;39;40;8;34;37;45;15;2;4;3
alibaba/nacos;251;295;341;366;126;238;330;181;79;156;99;115
amplication/amplication;176;249;117;80;287;297;236;185;240;166;38;17
ansible/awx;337;352;375;316;624;349;432;225;463;270;346;415
apache/airflow;0;0;0;0;0;0;0;0;0;0;0;527
apache/beam;66690;55762;48754;54417;70179;68032;67869;57648;79195;77203;74305;72123
apache/dolphinscheduler;1548;2064;914;1194;958;936;1157;396;328;346;565;305
apache/druid;659;598;787;704;1037;442;311;256;322;302;509;415
apache/fory;96;129;229;85;132;177;44;102;296;94;102;173
apache/kvrocks;194;205;234;106;158;198;124;123;231;152;185;262
apache/pulsar;962;679;764;615;1068;506;666;609;525;726;554;666
apache/seatunnel;266;478;444;689;584;595;672;530;454;678;474;470
apache/shardingsphere;2844;2686;2519;2257;2479;2525;3002;2548;3069;2698;1822;1667
apache/skywalking;62;102;68;70;103;108;96;105;86;101;140;59
apify/crawlee;332;245;260;262;342;167;178;172;178;250;205;136
appsmithorg/appsmith;1223;966;1326;1565;1504;845;1401;1465;1277;1131;985;505
appwrite/appwrite;355;266;351;289;337;423;361;250;494;599;546;403
ariakit/ariakit;375;373;644;466;735;228;474;394;446;312;914;586
aristocratos/btop;11;18;16;0;35;2;6;9;35;9;12;258
aseprite/aseprite;71;47;44;133;75;104;153;111;48;74;55;120
aspnet-contrib/AspNet.Security.OAuth.Providers;51;58;23;39;45;38;29;19;35;43;68;28
assimp/assimp;116;230;88;266;72;424;336;256;158;66;166;224
audacity/audacity;0;0;0;0;6;185;152;225;332;458;413;193
autogluon/autogluon;204;113;96;179;285;567;378;132;191;223;141;269
aws-amplify/amplify-js;50;39;49;48;45;46;50;39;42;47;45;36
aws/aws-cdk;1102;1100;775;1185;1108;1150;1116;1189;1926;1260;1101;982
babel/babel;812;514;922;772;556;618;408;283;369;459;659;769
backstage/backstage;3306;2443;2657;5951;9266;4078;4901;3336;3849;3536;4074;3846
bagisto/bagisto;505;301;113;45;120;193;84;171;240;657;574;472
bblanchon/ArduinoJson;45;10;0;53;9;4;20;7;0;21;7;3
beemdevelopment/Aegis;19;9;44;26;50;7;43;18;17;6;0;11
beetbox/beets;120;147;52;75;138;81;122;84;229;86;98;174
benbusby/whoogle-search;7;14;4;2;115;51;6;7;69;12;2;2
bigbluebutton/bigbluebutton;1076;965;1278;1504;1209;1368;1082;424;1346;1731;1342;1128
bitwarden/clients;2787;2485;2366;2800;3216;3070;2981;3147;4187;2976;2789;3585
blakeblackshear/frigate;427;280;244;228;458;320;125;140;101;430;392;373
bloomberg/memray;152;69;57;62;65;47;52;30;35;59;80;69
bluesky-social/social-app;3040;2233;938;1708;2302;1542;1548;1021;660;986;768;902
bpmn-io/bpmn-js;4;2;0;1;2;1;2;1;1;1;0;2
brefphp/bref;39;51;37;38;50;38;34;37;39;49;68;39
bridgecrewio/checkov;443;372;365;195;113;238;340;155;165;121;125;183
cabaletta/baritone;6;10;15;5;2;27;12;6;3;9;17;37
cake-build/cake;0;6;2;4;39;51;16;20;14;0;0;0
cakephp/cakephp;70;68;240;155;162;174;171;144;157;115;177;302
calcom/cal.com;161;133;65;0;0;0;0;0;0;0;0;0
camel-ai/camel;665;748;729;650;572;1002;905;901;943;1154;2625;1517
camunda/camunda;12688;12102;16653;33890;31554;25769;51223;36408;25887;37034;26177;22412
canonical/multipass;94;139;110;94;178;124;222;181;228;292;401;379
carbon-design-system/carbon;459;400;482;791;682;852;734;244;508;684;796;820
caronc/apprise;52;32;55;51;39;7;42;25;4;26;17;6
chartjs/Chart.js;19;5;14;25;3;17;12;9;9;12;0;15
checkstyle/checkstyle;508;1376;1556;1110;658;832;650;660;1080;1572;2188;2510
chocolatey/choco;30;30;30;34;30;30;30;30;30;30;30;30
chrismaltby/gb-studio;93;37;52;214;33;63;18;0;42;18;3;11
cinit/QAuxiliary;68;68;83;40;35;28;19;25;18;20;11;19
comet-ml/opik;0;0;0;102;623;898;1243;739;1057;1086;1213;1710
commaai/openpilot;1554;818;1297;1157;1143;778;710;454;707;1039;630;706
continuedev/continue;0;23;23;148;33;21;577;445;600;787;861;827
crazywhalecc/static-php-cli;52;76;16;18;50;21;20;19;32;49;143;66
crewAIInc/crewAI;43;199;189;103;128;176;228;299;296;551;502;565
cupy/cupy;128;73;87;291;162;154;109;127;168;189;147;74
cyanfish/naps2;0;9;33;51;13;0;0;8;22;0;38;6
dafny-lang/dafny;1181;457;467;628;526;804;747;797;652;504;489;477
danielmiessler/fabric;0;0;0;114;253;109;61;44;18;76;49;64
danielpalme/ReportGenerator;24;3;4;8;10;13;8;9;3;6;4;5
danny-avila/LibreChat;391;224;212;282;94;94;65;145;354;553;412;246
darkreader/darkreader;204;174;206;180;217;201;181;136;229;228;177;132
datahub-project/datahub;5443;5610;6583;7910;8481;7839;10207;10884;12001;11958;14443;12932
davidjerleke/embla-carousel;40;12;14;14;10;10;26;24;12;3;7;3
dbt-labs/dbt-core;1472;1245;1436;1412;1103;1061;1137;858;798;861;940;965
deepjavalibrary/djl;228;358;267;246;180;71;192;83;119;89;115;102
defold/defold;265;249;286;177;320;217;429;178;504;447;418;326
dependency-check/DependencyCheck;73;101;68;96;95;148;86;69;128;117;88;63
dgtlmoon/changedetection.io;216;335;124;127;220;105;110;159;102;89;301;235
diffplug/spotless;146;77;18;71;63;96;46;68;43;42;44;29
doctrine/dbal;172;129;129;168;125;205;213;179;223;214;209;145
doctrine/orm;90;105;17;45;154;101;86;23;72;74;88;81
documenso/documenso;209;159;198;183;108;198;250;177;171;125;64;104
dotnet/efcore;225;270;232;184;159;106;148;141;107;123;122;95
dotnet/macios;466;460;319;325;0;0;0;0;0;0;0;0
dotnet/roslynator;23;10;0;42;128;42;51;49;53;26;6;8
dotnetcore/BootstrapBlazor;314;281;219;380;254;306;228;385;301;334;281;276
dragonflydb/dragonfly;563;740;831;815;1051;1058;1130;964;1239;1467;1280;1398
dream-num/univer;1082;1042;934;1188;1010;1202;840;776;528;648;748;1280
drizzle-team/drizzle-orm;150;46;145;172;154;214;223;136;143;83;155;151
eclipse-che/che;10;1;6;22;6;23;10;30;14;20;14;23
eclipse-openj9/openj9;1080;1060;707;969;1202;1130;1478;551;1036;1523;1335;1213
eclipse-theia/theia;515;449;316;380;751;386;872;477;785;1102;1001;634
elastic/kibana;29822;27447;30895;30951;42567;40125;43704;32661;49140;36396;42496;36298
element-hq/element-web;132;163;139;114;179;1439;1828;1651;1874;2236;2270;2097
endless-sky/endless-sky;1263;1622;1606;974;1175;1323;839;530;1114;1508;1645;1048
envoyproxy/envoy;0;0;0;0;0;0;0;0;0;0;0;0
eosphoros-ai/DB-GPT;133;37;59;204;17;75;53;99;51;4;0;0
eslint/eslint;205;220;172;292;647;573;589;434;381;356;844;504
espnet/espnet;216;121;304;353;104;133;276;537;391;201;287;234
explodinggradients/ragas;43;49;78;110;262;229;144;98;86;40;36;37
explosion/spaCy;5;0;6;32;46;1;9;25;9;4;14;0
fabian-hiller/valibot;125;93;114;83;71;81;35;87;44;68;67;76
facebook/docusaurus;434;378;519;359;276;254;211;203;216;176;279;165
facebook/hermes;116;26;11;43;36;69;158;57;117;179;151;185
facebook/react-native;929;1077;1662;1089;1558;1320;1501;1055;1881;2218;2237;1686
faker-js/faker;405;462;341;582;629;968;539;316;254;325;185;396
falcosecurity/falco;153;87;38;262;226;147;74;80;131;127;55;78
fastapi/fastapi;600;330;783;1424;696;2812;835;602;808;915;587;339
fastapi/sqlmodel;188;75;288;198;76;266;85;72;90;307;126;194
fastapi/typer;182;64;313;534;126;212;255;188;140;99;120;52
filamentphp/filament;438;244;278;204;173;319;353;236;349;364;304;372
firebase/firebase-ios-sdk;1747;1515;1514;1132;1575;1556;1311;1022;1086;1090;1317;1776
flairNLP/flair;16;90;64;41;9;26;69;34;46;6;67;6
flameshot-org/flameshot;11;48;15;0;9;6;6;0;30;42;24;95
formbricks/formbricks;0;4;19;6;1;3;0;31;103;563;1319;2390
freqtrade/freqtrade;245;200;253;228;221;235;252;233;193;246;235;220
fuma-nama/fumadocs;121;195;133;148;141;131;103;95;142;121;121;113
gchq/CyberChef;83;20;18;35;46;17;8;13;13;138;44;17
gethomepage/homepage;31;29;16;54;34;18;40;39;13;22;83;43
ggml-org/llama.cpp;2407;1534;1268;1240;1304;1225;1715;1334;1983;1591;1989;2018
gitpod-io/gitpod;2075;2495;1258;1782;1939;1509;1248;793;997;1211;1191;1091
goauthentik/authentik;2543;2727;3183;2712;1954;2071;2180;2125;2476;3407;4286;4126
godotengine/godot;0;0;0;0;0;21;0;0;0;0;0;0
google/blockly;79;77;146;55;59;34;45;25;36;20;61;173
google/guava;84;110;120;41;73;189;75;203;94;180;152;85
google/or-tools;1586;2002;3058;1815;3255;3137;4802;3303;4820;3219;4649;2821
googleapis/google-api-nodejs-client;69;49;65;122;89;52;8;0;33;15;56;76
googleapis/release-please;52;8;1;72;40;14;19;16;5;45;19;0
gradio-app/gradio;2895;2417;4378;4369;6424;2748;3192;2940;3585;2856;2874;2370
grafana/grafana;0;0;0;0;0;0;0;0;0;60;15346;16786
growthbook/growthbook;461;369;450;376;455;538;388;373;429;460;388;556
grpc/grpc-dotnet;122;41;43;100;50;39;49;32;30;55;43;34
handsontable/handsontable;261;283;273;179;378;264;350;175;273;278;290;234
hazelcast/hazelcast;79;75;63;64;51;37;19;17;7;19;23;20
hedgedoc/hedgedoc;0;14;88;1672;504;100;248;56;412;168;134;254
hiyouga/LLaMA-Factory;238;153;71;99;63;76;64;76;178;150;151;143
home-assistant/core;5390;5451;3812;4763;5259;4659;5165;4602;5715;4602;4549;4184
hoppscotch/hoppscotch;24;16;31;144;187;231;148;111;167;220;178;121
hpcaitech/ColossalAI;551;455;463;448;238;180;243;180;82;178;150;153
huggingface/diffusers;2387;2748;2719;2141;2278;2516;2682;3874;1841;2856;2301;3161
huggingface/pytorch-image-models;82;28;42;42;36;43;67;48;49;15;6;35
huggingface/transformers.js;33;24;0;11;13;47;93;51;33;48;35;38
huynhsontung/Screenbox;53;44;19;141;96;53;73;67;46;86;12;25
hyperf/hyperf;1096;514;273;320;390;132;228;229;309;200;216;134
ianstormtaylor/slate;5;27;17;25;30;41;21;18;17;17;13;58
infection/infection;228;60;52;36;24;81;104;76;0;352;184;44
infiniflow/infinity;537;861;751;920;882;1641;1299;1086;865;530;500;692
invoke-ai/InvokeAI;756;633;783;782;1464;964;568;478;495;778;969;582
iree-org/iree;961;878;1831;3368;3366;4201;4752;1779;1152;963;1117;968
isl-org/Open3D;205;286;439;535;372;204;324;549;108;246;330;37
iterative/dvc;166;170;219;320;125;144;230;101;118;44;58;130
ivy-llc/ivy;102;319;316;258;300;76;12;34;126;24;0;16
javaparser/javaparser;196;120;42;131;95;108;58;50;45;90;125;72
jax-ml/jax;2444;2217;2452;1910;4145;4265;4425;4928;8203;10180;17329;18940
jellyfin/jellyfin;553;174;483;542;509;351;420;180;390;340;843;666
johannesjo/super-productivity;42;61;105;101;131;86;84;124;68;45;82;99
juice-shop/juice-shop;11;14;30;15;7;17;8;11;47;146;61;52
junit-team/junit5;146;114;125;296;368;211;321;181;289;328;308;192
jupyterlab/jupyterlab;2542;2481;1955;1756;1748;1414;2278;1683;2561;2143;1750;1388
karatelabs/karate;9;0;6;0;4;0;5;16;6;11;10;10
keephq/keep;0;0;0;0;0;0;0;0;0;3505;2751;1518
keycloak/keycloak;2194;2943;3620;2817;3481;3689;3380;1546;3301;2909;3307;3157
killbill/killbill;27;55;13;28;18;18;1;12;43;39;6;13
kimai/kimai;37;17;94;59;169;41;86;78;95;86;57;49
knuckleswtf/scribe;6;12;1;9;20;17;16;7;31;21;2;13
kysely-org/kysely;49;93;66;32;41;121;218;83;134;51;67;141
labring/FastGPT;0;0;0;0;0;0;0;0;0;0;408;317
langchain4j/langchain4j;599;437;301;633;610;593;1401;860;772;769;1098;1562
langflow-ai/langflow;808;1915;205;160;146;140;246;169;228;129;163;145
langfuse/langfuse;966;894;1019;1328;948;1104;1557;600;1206;1166;1355;777
langgenius/dify;993;784;511;585;834;1169;1053;1578;525;717;1245;999
laurent22/joplin;360;424;362;437;357;572;267;341;393;335;574;736
lcobucci/jwt;52;28;12;29;34;27;85;37;63;115;194;177
ledger/ledger;4;14;23;5;19;8;5;2;7;6;9;2
libcpr/cpr;108;50;14;30;98;69;57;31;82;113;46;71
line/armeria;756;488;520;89;136;253;269;134;127;367;405;183
linkwarden/linkwarden;3;20;30;32;22;16;58;24;26;15;12;19
lobehub/lobe-chat;784;1036;611;1290;1145;1010;751;1393;1327;2207;1449;1377
localstack/localstack;1498;1378;987;1222;1033;931;1258;652;634;604;1005;722
logto-io/logto;607;1206;1199;807;320;518;424;278;260;450;724;547
louislam/uptime-kuma;173;63;45;107;172;247;90;95;106;96;173;152
lovell/sharp;10;7;20;21;2;16;4;4;6;8;36;7
lss233/kirara-ai;0;0;0;0;0;0;0;0;35;187;129;87
luanti-org/luanti;1548;1016;1049;2688;1851;1506;1232;1352;1003;1015;1395;1418
luau-lang/luau;42;39;55;39;94;49;68;38;39;57;41;41
lucide-icons/lucide;46;65;12;164;35;195;107;271;118;326;156;143
lunarphp/lunar;1;71;87;142;64;21;37;20;33;78;67;53
mage-ai/mage-ai;928;574;535;121;220;170;133;35;86;44;56;19
marimo-team/marimo;1136;729;953;1384;2876;1570;1997;2468;2710;3021;3451;3638
marticliment/UniGetUI;67;232;248;199;167;190;216;217;229;254;178;115
matomo-org/matomo;351;222;273;284;286;310;345;199;305;487;247;267
mautic/mautic;277;444;455;376;361;237;361;374;519;670;625;610
memgraph/memgraph;0;0;0;0;0;0;0;0;0;0;0;98
menloresearch/jan;187;125;296;298;157;243;293;301;237;197;71;5
mermaid-js/mermaid;223;721;518;959;762;419;285;81;697;793;748;1067
meshery/meshery;516;469;519;953;1052;906;761;812;1199;1340;1665;2176
meshtastic/firmware;0;0;0;10;50;30;30;30;30;30;30;30
metersphere/metersphere;855;673;442;440;360;737;542;186;37;15;18;8
micronaut-projects/micronaut-core;169;148;234;229;162;199;219;133;228;136;247;124
microsoft/TypeScript;538;625;662;476;372;270;228;243;220;212;152;125
microsoft/azuredatastudio;80;82;126;145;89;174;97;45;164;31;165;52
microsoft/fluentui;0;0;0;0;0;159;651;704;639;570;2014;1431
microsoft/graphrag;163;228;353;1082;1316;1564;936;772;752;792;268;208
microsoft/kernel-memory;114;66;59;82;54;82;97;71;50;21;26;16
microsoft/kiota;2186;1335;1987;2767;1743;1796;1567;491;1477;2340;2080;948
microsoft/promptflow;3057;2294;2557;2018;1762;1328;1462;1644;1344;1274;1264;1342
microsoft/pyright;180;219;396;171;182;158;55;43;107;124;157;55
microsoft/qlib;144;237;15;15;6;0;69;278;0;12;50;121
microsoft/semantic-kernel;3008;3303;2842;2742;3051;3746;2507;1258;1946;2989;3570;3059
microsoft/typespec;0;0;0;0;0;0;0;0;0;0;0;0
microsoft/vscode;1729;1711;1807;2272;2324;1932;2286;1324;2453;2602;2925;2208
mindsdb/mindsdb;619;685;771;526;622;1188;921;470;600;695;1064;1151
misskey-dev/misskey;959;925;1178;945;1437;1077;1208;700;1746;1713;1849;2026
mixxxdj/mixxx;1025;564;510;674;738;768;630;684;844;1092;786;854
mlflow/mlflow;8036;5890;4777;4234;6656;8813;7611;5057;7548;9356;7974;10567
mob-sakai/SoftMaskForUGUI;4;8;26;8;10;9;34;14;0;36;12;2
mob-sakai/UIEffect;0;0;0;0;0;0;11;24;9;35;14;25
modin-project/modin;456;250;145;220;117;8;12;14;127;376;726;782
mrdoob/three.js;749;893;1023;1096;935;746;795;803;677;750;743;506
mswjs/msw;90;104;178;210;197;265;187;159;68;194;83;339
mumble-voip/mumble;242;408;76;78;430;114;210;158;278;174;168;156
nasa/fprime;274;99;86;181;461;334;190;96;278;538;354;545
nautechsystems/nautilus_trader;199;268;234;353;294;392;254;532;478;609;386;448
naver/billboard.js;76;63;58;34;25;30;25;9;13;20;17;78
netbox-community/netbox;460;402;440;435;465;500;328;198;184;340;476;372
nextauthjs/next-auth;274;139;182;324;310;106;48;77;83;51;27;47
nextcloud/all-in-one;0;0;0;0;0;0;0;0;0;0;8;4
nextcloud/android;579;717;591;1018;887;612;852;666;707;920;718;630
nextcloud/desktop;465;645;590;830;1180;1065;1500;485;835;1250;1175;1264
nextcloud/server;20431;26867;28277;32322;27008;18968;25669;15425;30798;25838;28378;26039
nitrojs/nitro;187;150;92;130;170;171;38;94;133;318;179;95
nlohmann/json;27;15;0;12;3;114;480;666;498;111;246;414
nodejs/node;5915;5341;7631;9836;9771;5917;5241;4805;6664;7106;6787;6438
nodejs/undici;174;212;137;758;703;655;910;174;236;114;230;172
npm/cli;256;103;106;142;205;270;464;148;205;252;204;202
nrwl/nx;32;30;30;30;30;34;33;30;322;880;821;1514
nukeop/nuclear;19;60;72;72;31;36;13;5;29;59;47;8
numba/numba;0;0;0;0;0;0;0;0;0;26;33;54
nunit/nunit;36;55;45;76;50;36;29;32;30;39;12;13
nuwave/lighthouse;15;40;45;37;9;4;24;25;9;21;64;8
nuxt/nuxt;1480;1275;904;1067;1074;787;963;858;1405;1809;1129;933
olifolkerd/tabulator;0;0;0;0;0;0;0;0;0;8;24;14
onnx/onnx;358;626;531;646;959;1016;398;490;594;1342;1298;844
openapi-ts/openapi-typescript;31;103;179;104;52;113;88;112;74;75;116;140
opendatalab/MinerU;68;155;109;80;108;194;270;134;107;69;107;121
openiddict/openiddict-core;19;165;28;34;33;25;31;13;8;36;70;59
openreplay/openreplay;90;123;258;117;196;60;120;178;79;66;219;149
opensearch-project/OpenSearch;1993;1259;1877;2930;1389;1069;667;577;1120;1012;1485;1652
openvinotoolkit/openvino;167;261;1216;2797;1669;3322;8081;11195;31343;38293;35277;32920
optuna/optuna;809;1976;823;701;655;917;1547;1164;443;608;843;1145
oracle/graal;455;433;418;398;494;486;536;374;414;316;305;340
organicmaps/organicmaps;198;164;166;241;144;142;156;161;102;213;13;18
osquery/osquery;266;361;282;289;306;238;78;171;107;96;177;97
ossrs/srs;62;110;45;143;16;36;13;9;3;48;75;77
outline/outline;0;0;0;0;0;0;0;0;0;150;342;318
panda3d/panda3d;7;2;15;19;44;93;22;8;32;13;5;10
pandas-dev/pandas;2095;1752;2176;2503;1847;1803;2058;1189;1759;1573;1402;1264
paperless-ngx/paperless-ngx;436;380;240;347;515;630;445;233;677;765;400;466
paratestphp/paratest;24;16;24;45;35;23;31;19;33;20;39;34
pdm-project/pdm;58;109;118;67;45;64;111;28;20;12;65;63
phan/phan;1;64;46;5;0;1;1;1;0;2;2;17
photoview/photoview;58;131;78;132;180;80;114;36;22;21;9;35
phpmyadmin/phpmyadmin;171;118;121;124;141;237;247;290;440;89;163;129
pimcore/pimcore;188;269;181;201;150;157;217;75;152;305;212;216
playcanvas/engine;285;334;149;179;201;191;299;236;295;238;405;364
pmd/pmd;52;44;66;64;86;72;153;75;75;84;26;48
pmndrs/drei;60;37;63;49;44;187;182;53;99;88;24;10
pnpm/pnpm;404;479;407;325;354;451;364;370;268;579;421;331
podman-desktop/podman-desktop;1065;1085;1037;1356;1666;1596;1607;1122;1860;2239;2465;1551
ppy/osu-framework;150;163;178;92;92;138;219;188;175;139;80;34
prettier/prettier;1019;675;556;648;802;510;709;429;764;1450;739;1565
prisma/prisma;546;399;297;332;289;333;321;310;505;675;924;464
privatenumber/tsx;40;19;23;10;9;12;5;1;2;7;1;14
psf/black;58;85;142;148;183;98;122;184;146;126;114;30
puckeditor/puck;26;14;26;129;61;31;62;114;134;34;67;86
pwndbg/pwndbg;295;410;281;327;198;121;657;359;201;189;311;665
pydantic/pydantic;765;760;767;1066;1106;949;952;818;1001;730;585;669
pytest-dev/pytest;214;477;225;183;215;158;300;165;181;185;164;109
qgis/QGIS;2353;2037;2035;2837;3099;3426;4056;3305;4199;4230;4359;3939
quarkusio/quarkus;947;980;1012;1114;931;962;1014;775;1178;980;957;830
rancher-sandbox/rancher-desktop;1295;1181;1077;1301;1374;1172;1486;1158;1371;1181;1174;1234
raphw/byte-buddy;18;32;31;37;67;34;21;29;61;16;33;14
rapidsai/cudf;235;182;252;187;237;173;234;134;199;225;225;253
reactor/reactor-core;58;54;50;55;51;62;53;43;57;68;41;43
realm/realm-js;338;637;235;126;16;44;25;5;13;2;37;5
redis/lettuce;45;49;73;66;72;108;134;146;243;229;180;160
redpanda-data/redpanda;57;61;114;50;90;24;36;14;24;17;21;32
refined-github/refined-github;6;9;3;4;3;5;5;1;2;3;3;0
refinedev/refine;814;420;661;199;349;279;527;324;77;117;196;132
remkop/picocli;33;14;19;4;0;6;4;2;0;5;3;179
remotely-save/remotely-save;48;36;19;12;10;4;0;0;0;0;0;0
renovatebot/renovate;1506;1347;1532;1604;1280;1197;1522;1082;1451;1633;1320;1286
resend/react-email;91;117;254;288;204;129;90;153;210;172;429;1572
retorquere/zotero-better-bibtex;184;94;209;222;197;105;167;106;115;147;282;151
riok/mapperly;85;121;162;80;84;88;94;68;91;103;118;95
rizinorg/cutter;13;0;22;0;5;32;17;2;34;9;17;95
roboflow/supervision;165;128;124;174;159;122;84;119;19;81;64;90
root-project/root;1952;1098;1150;1410;1814;1395;2375;1218;1860;1951;3138;2258
roundcube/roundcubemail;156;78;140;87;67;86;126;65;68;156;217;100
run-llama/llama_index;1926;1712;1642;2004;1694;1382;1256;790;925;1239;1151;1149
runtipi/runtipi;136;81;125;157;86;84;238;175;165;251;404;411
saltstack/salt;299;252;247;232;290;374;39;162;387;451;272;311
saulpw/visidata;174;180;162;147;308;168;109;144;111;27;63;45
scipy/scipy;4149;2995;3314;4233;3101;2884;3297;3684;4273;2929;3889;2947
seleniumbase/SeleniumBase;103;103;122;105;117;116;115;111;124;117;121;116
shadcn-ui/ui;3;20;58;31;31;71;17;25;86;105;94;35
shaka-project/shaka-player;635;483;197;345;267;322;424;320;448;563;609;400
shipshapecode/shepherd;145;116;102;26;95;81;32;21;69;47;42;55
simonw/datasette;197;66;147;293;36;7;45;15;130;88;17;65
simple-icons/simple-icons;645;296;121;167;312;135;431;357;202;179;155;88
sktime/sktime;697;607;843;577;440;386;523;433;661;601;777;242
skypjack/entt;272;201;243;180;240;135;138;123;186;144;151;92
software-mansion/react-native-reanimated;0;0;135;621;531;401;397;281;962;1587;1024;916
songquanpeng/one-api;0;97;58;8;28;31;11;29;74;31;0;0
spacedriveapp/spacedrive;623;443;346;374;314;240;97;155;91;64;44;30
spiral/framework;47;39;41;136;48;53;70;109;87;69;47;36
spring-projects/spring-boot;198;273;246;342;302;343;205;150;279;389;382;334
sqlalchemy/sqlalchemy;52;77;71;91;100;42;64;93;67;80;138;78
sqlfluff/sqlfluff;171;130;182;379;479;309;165;128;184;120;236;212
stanfordnlp/stanza;115;43;110;81;146;71;89;54;75;47;78;26
storybookjs/storybook;1585;2526;1888;1424;1365;1341;2017;1441;1639;1908;2370;2720
stratumauth/app;59;13;5;1;1;36;12;0;8;40;7;3
streamlink/streamlink;75;101;113;102;139;121;93;94;77;79;72;75
streamlit/streamlit;7018;4318;4528;7523;6417;6565;6652;6075;9120;11166;11078;7882
supabase/supabase;1595;1382;1224;1200;1515;1288;1964;1180;1475;2475;3173;2992
symfony/symfony;2469;3158;2810;3180;3785;3556;4000;4040;4317;3553;3509;2578
sympy/sympy;269;344;410;373;298;208;431;606;1184;998;1254;895
testcontainers/testcontainers-dotnet;91;48;55;347;216;103;169;64;137;175;120;173
thephpleague/commonmark;0;0;38;26;5;1;33;15;8;2;12;30
thu-ml/tianshou;20;38;161;73;8;4;16;2;12;18;2;0
tinacms/tinacms;67;464;403;307;706;309;171;250;188;285;194;249
transloadit/uppy;683;498;209;223;90;76;172;147;99;65;145;192
trustwallet/wallet-core;222;282;288;270;354;570;252;408;960;648;876;528
tutao/tutanota;220;422;724;908;755;1061;1430;750;1301;799;655;695
typescript-eslint/typescript-eslint;776;533;558;494;452;482;330;457;737;762;549;688
udecode/plate;78;96;83;163;138;233;162;142;141;179;113;183
ueberdosis/tiptap;157;151;243;117;104;131;160;126;171;15;77;117
ultralytics/ultralytics;30;30;30;30;30;30;31;30;1378;1349;1951;2283
umbraco/Umbraco-CMS;0;0;0;0;0;21;391;248;504;543;638;697
unit8co/darts;31;78;54;39;69;80;67;67;86;190;77;152
usebruno/bruno;101;180;176;270;264;110;149;171;261;250;351;265
uxlfoundation/oneDNN;0;0;0;0;270;217;208;626;648;643;582;421
vcmi/vcmi;289;202;422;474;397;300;386;430;254;318;181;172
verdaccio/verdaccio;156;265;446;98;514;234;418;398;342;365;418;229
video-dev/hls.js;537;446;765;573;756;612;1070;537;962;1107;290;191
visgl/deck.gl;103;150;119;160;121;32;56;169;115;206;134;159
vitejs/vite;353;180;372;315;427;777;551;300;294;296;369;347
vitodeploy/vito;31;26;22;18;10;50;59;37;74;139;84;15
vllm-project/vllm;0;0;0;0;0;0;74;2058;2262;3089;4045;4491
voicepaw/so-vits-svc-fork;43;71;48;7;27;12;10;10;8;14;5;4
voxel51/fiftyone;12;30;8;2;22;2;0;6;0;0;0;0
vuejs/language-tools;90;184;177;499;44;253;36;337;64;334;96;144
vuetifyjs/vuetify;301;218;320;317;180;255;191;138;352;437;694;675
wagtail/wagtail;179;205;198;145;253;412;332;115;328;209;179;215
wasp-lang/wasp;171;172;105;115;192;34;78;55;180;104;280;317
webpro-nl/knip;252;328;201;323;281;215;348;228;276;196;408;727
webstudio-is/webstudio;521;500;583;512;429;290;398;619;409;416;434;230
windingwind/zotero-better-notes;0;0;0;0;0;0;0;9;8;9;25;10
withfig/autocomplete;74;89;87;35;82;32;57;82;36;70;16;23
wix/Detox;29;60;49;98;64;49;67;102;73;68;88;11
wojtekmaj/react-pdf;49;17;0;18;31;3;3;14;15;8;24;4
wp-graphql/wp-graphql;77;141;88;75;28;49;104;77;274;337;189;332
wxWidgets/wxWidgets;659;1010;415;524;565;900;472;396;787;913;725;910
xorbitsai/inference;308;307;269;324;136;168;162;184;100;203;154;248
xoseperez/espurna;19;12;10;17;4;12;6;2;12;6;17;7
xtekky/gpt4free;53;10;14;47;56;143;270;181;250;102;152;86
xtermjs/xterm.js;11;116;29;14;38;10;4;85;21;6;4;15
yarnpkg/berry;4265;4504;4704;4353;4379;4391;4410;4287;4209;4602;4725;4340
yt-dlp/yt-dlp;1088;997;669;820;721;1247;874;444;889;900;1288;739
zcash/zcash;27;8;52;78;57;6;3;13;2;0;19;26
zulip/zulip;1487;1860;1452;1136;1533;1561;1456;1499;2054;2341;1985;1206
zzzprojects/System.Linq.Dynamic.Core;8;71;15;19;0;20;27;19;65;7;6;26